<?xml version="1.0" encoding="utf-8"?>
<!DOCTYPE nta PUBLIC '-//Uppaal Team//DTD Flat System 1.1//EN' 'http://www.it.uu.se/research/group/darts/uppaal/flat-1_2.dtd'>
<nta>
	<declaration>// Place global declarations here.

// Boven sensor
chan boat_boven;
chan boat_boven_response;

// Beneden sensor
chan boat_beneden;
chan boat_beneden_response;

// Boven gate
chan boat_at_boven_gate;
chan boven_gate_response;

// Beneden gate
chan boat_at_beneden_gate;
chan beneden_gate_response;</declaration>
	<template>
		<name>Gate</name>
		<parameter>broadcast chan&amp;boat_aanwezig, chan&amp; response_x</parameter>
		<location id="id0" x="-280" y="-119">
			<name x="-263" y="-144">open</name>
		</location>
		<location id="id1" x="-280" y="-212">
			<committed/>
		</location>
		<location id="id2" x="-433" y="-119">
			<name x="-467" y="-144">idle</name>
		</location>
		<init ref="id2"/>
		<transition>
			<source ref="id0"/>
			<target ref="id2"/>
			<label kind="synchronisation" x="-391" y="-119">response_x!</label>
		</transition>
		<transition>
			<source ref="id1"/>
			<target ref="id0"/>
		</transition>
		<transition>
			<source ref="id2"/>
			<target ref="id1"/>
			<label kind="synchronisation" x="-442" y="-195">boat_aanwezig?</label>
		</transition>
	</template>
	<template>
		<name>Controller</name>
		<location id="id3" x="-153" y="25">
		</location>
		<location id="id4" x="76" y="-110">
		</location>
		<location id="id5" x="-153" y="110">
			<name x="-297" y="102">gate_beneden_open</name>
		</location>
		<location id="id6" x="76" y="-221">
			<name x="59" y="-263">gate_boven_open</name>
		</location>
		<location id="id7" x="-42" y="60">
			<name x="0" y="68">beneden</name>
			<committed/>
		</location>
		<location id="id8" x="-42" y="-153">
			<name x="-110" y="-178">boven</name>
			<committed/>
		</location>
		<location id="id9" x="-42" y="-42">
			<name x="-85" y="-51">idle</name>
		</location>
		<init ref="id9"/>
		<transition>
			<source ref="id3"/>
			<target ref="id9"/>
			<label kind="synchronisation" x="-255" y="-25">boat_beneden_response!</label>
		</transition>
		<transition>
			<source ref="id5"/>
			<target ref="id3"/>
			<label kind="synchronisation" x="-323" y="51">beneden_gate_response?</label>
		</transition>
		<transition>
			<source ref="id9"/>
			<target ref="id7"/>
			<label kind="synchronisation" x="-42" y="-8">boat_beneden?</label>
		</transition>
		<transition>
			<source ref="id4"/>
			<target ref="id9"/>
			<label kind="synchronisation" x="0" y="-68">boat_boven_response!</label>
		</transition>
		<transition>
			<source ref="id6"/>
			<target ref="id4"/>
			<label kind="synchronisation" x="93" y="-170">boven_gate_response?</label>
		</transition>
		<transition>
			<source ref="id7"/>
			<target ref="id5"/>
			<label kind="synchronisation" x="-119" y="93">boat_at_beneden_gate!</label>
		</transition>
		<transition>
			<source ref="id8"/>
			<target ref="id6"/>
			<label kind="synchronisation" x="-85" y="-221">boat_at_boven_gate!</label>
		</transition>
		<transition>
			<source ref="id9"/>
			<target ref="id8"/>
			<label kind="synchronisation" x="-127" y="-110">boat_boven?</label>
		</transition>
	</template>
	<template>
		<name x="5" y="5">Request</name>
		<parameter>broadcast chan&amp; boat_x, chan&amp; response_x</parameter>
		<declaration>const int queue_size = 3;

int[0, queue_size-1] queue[int[0, queue_size-1]];

int[0, queue_size-1] counter;

void push(int value)
{
    queue[counter++] = value;
}

int pop()
{
    return queue[counter--];
}

bool is_empty()
{
    return counter == 0;
}

bool is_full()
{
    return counter == queue_size - 1;
}</declaration>
		<location id="id10" x="42" y="-59">
		</location>
		<location id="id11" x="-136" y="-59">
		</location>
		<init ref="id11"/>
		<transition>
			<source ref="id10"/>
			<target ref="id11"/>
			<label kind="synchronisation" x="-153" y="17">response_x?</label>
			<nail x="-136" y="9"/>
		</transition>
		<transition>
			<source ref="id11"/>
			<target ref="id10"/>
			<label kind="synchronisation" x="-144" y="-161">boat_x!</label>
			<nail x="-136" y="-136"/>
		</transition>
	</template>
	<system>  
boven_sensor = Request(boat_boven, boat_boven_response);
boven_gate = Gate(boat_at_boven_gate, boven_gate_response);

beneden_sensor = Request(boat_beneden, boat_beneden_response);
beneden_gate = Gate(boat_at_beneden_gate, beneden_gate_response);

system Controller, boven_sensor, beneden_sensor, boven_gate, beneden_gate;</system>
	<queries>
		<query>
			<formula>A[] not deadlock</formula>
			<comment></comment>
		</query>
	</queries>
</nta>
