<?xml version="1.0" encoding="utf-8"?>
<!DOCTYPE nta PUBLIC '-//Uppaal Team//DTD Flat System 1.1//EN' 'http://www.it.uu.se/research/group/darts/uppaal/flat-1_2.dtd'>
<nta>
	<declaration>bool sluisIsBezig = false;
bool direction = false;
bool pumpIsBezig = false;
bool gateIsBezig = false;

bool benedenGateOpen = false;
bool bovenGateOpen = false;

int[0,5] waterniveau = 0;
int queue = 0;

chan check_water;
chan boot_aanwezig;
chan open_gate;</declaration>
	<template>
		<name>Gate</name>
		<location id="id0" x="204" y="59">
		</location>
		<location id="id1" x="204" y="-119">
		</location>
		<location id="id2" x="76" y="-25">
		</location>
		<location id="id3" x="-59" y="-25">
		</location>
		<init ref="id3"/>
		<transition>
			<source ref="id1"/>
			<target ref="id1"/>
			<nail x="153" y="-195"/>
			<nail x="246" y="-195"/>
		</transition>
		<transition>
			<source ref="id0"/>
			<target ref="id3"/>
			<label kind="assignment" x="-136" y="68">gateIsBezig:=false,bovenGateOpen:=false</label>
			<nail x="-59" y="59"/>
		</transition>
		<transition>
			<source ref="id1"/>
			<target ref="id3"/>
			<label kind="assignment" x="-127" y="-144">gateIsBezig:=false,benedenGateOpen:=false</label>
			<nail x="-59" y="-119"/>
		</transition>
		<transition>
			<source ref="id2"/>
			<target ref="id0"/>
			<label kind="guard" x="93" y="17">!direction</label>
			<label kind="assignment" x="17" y="34">bovenGateOpen:=true</label>
		</transition>
		<transition>
			<source ref="id2"/>
			<target ref="id1"/>
			<label kind="guard" x="93" y="-119">direction</label>
			<label kind="assignment" x="8" y="-102">benedenGateOpen:=true</label>
		</transition>
		<transition>
			<source ref="id3"/>
			<target ref="id2"/>
			<label kind="synchronisation" x="-25" y="-51">open_gate?</label>
			<label kind="assignment" x="-41" y="-25">gateIsBezig:=true</label>
		</transition>
	</template>
	<template>
		<name>Controller</name>
		<location id="id4" x="25" y="17">
		</location>
		<location id="id5" x="170" y="17">
		</location>
		<location id="id6" x="170" y="-93">
		</location>
		<location id="id7" x="-144" y="-93">
		</location>
		<location id="id8" x="-323" y="-93">
		</location>
		<location id="id9" x="25" y="-93">
		</location>
		<init ref="id8"/>
		<transition>
			<source ref="id4"/>
			<target ref="id8"/>
			<label kind="guard" x="-272" y="25">!gateIsBezig</label>
			<label kind="assignment" x="-289" y="42">sluisIsBezig:=false</label>
			<nail x="-323" y="17"/>
		</transition>
		<transition>
			<source ref="id5"/>
			<target ref="id4"/>
			<label kind="guard" x="51" y="25">!pumpIsBezig</label>
			<label kind="synchronisation" x="59" y="42">open_gate!</label>
		</transition>
		<transition>
			<source ref="id6"/>
			<target ref="id5"/>
			<label kind="guard" x="178" y="-68">!gateIsBezig</label>
			<label kind="synchronisation" x="178" y="-51">check_water!</label>
			<label kind="assignment" x="178" y="-34">direction=!direction</label>
		</transition>
		<transition>
			<source ref="id9"/>
			<target ref="id6"/>
			<label kind="guard" x="51" y="-136">!pumpIsBezig</label>
			<label kind="synchronisation" x="59" y="-119">open_gate!</label>
		</transition>
		<transition>
			<source ref="id7"/>
			<target ref="id9"/>
			<label kind="synchronisation" x="-102" y="-119">check_water!</label>
		</transition>
		<transition>
			<source ref="id8"/>
			<target ref="id7"/>
			<label kind="synchronisation" x="-280" y="-119">boot_aanwezig?</label>
			<label kind="assignment" x="-272" y="-93">sluisIsBezig:=true</label>
		</transition>
	</template>
	<template>
		<name>Pump</name>
		<location id="id10" x="-17" y="59">
		</location>
		<location id="id11" x="-17" y="-85">
		</location>
		<location id="id12" x="-119" y="-8">
		</location>
		<location id="id13" x="-289" y="-8">
		</location>
		<init ref="id13"/>
		<transition>
			<source ref="id10"/>
			<target ref="id13"/>
			<label kind="guard" x="-229" y="59">waterniveau&gt;=5</label>
			<label kind="assignment" x="-229" y="76">pumpIsBezig:=false</label>
			<nail x="-289" y="59"/>
		</transition>
		<transition>
			<source ref="id11"/>
			<target ref="id13"/>
			<label kind="guard" x="-229" y="-119">waterniveau==0</label>
			<label kind="assignment" x="-229" y="-102">pumpIsBezig:=false</label>
			<nail x="-289" y="-85"/>
		</transition>
		<transition>
			<source ref="id10"/>
			<target ref="id10"/>
			<label kind="guard" x="-51" y="119">waterniveau&lt;5</label>
			<label kind="assignment" x="-51" y="136">waterniveau++</label>
			<nail x="33" y="119"/>
			<nail x="-60" y="119"/>
		</transition>
		<transition>
			<source ref="id11"/>
			<target ref="id11"/>
			<label kind="guard" x="-51" y="-212">waterniveau&gt;0</label>
			<label kind="assignment" x="-42" y="-195">waterniveau--</label>
			<nail x="25" y="-153"/>
			<nail x="-68" y="-153"/>
		</transition>
		<transition>
			<source ref="id12"/>
			<target ref="id10"/>
			<label kind="guard" x="-127" y="17">!direction</label>
		</transition>
		<transition>
			<source ref="id12"/>
			<target ref="id11"/>
			<label kind="guard" x="-119" y="-68">direction</label>
		</transition>
		<transition>
			<source ref="id13"/>
			<target ref="id12"/>
			<label kind="synchronisation" x="-246" y="-25">check_water?</label>
			<label kind="assignment" x="-263" y="-8">pumpIsBezig:=true</label>
		</transition>
	</template>
	<template>
		<name x="5" y="5">Request</name>
		<declaration>// Place local declarations here.
</declaration>
		<location id="id14" x="-527" y="-178">
		</location>
		<location id="id15" x="-527" y="-348">
		</location>
		<location id="id16" x="-748" y="-263">
		</location>
		<init ref="id16"/>
		<transition>
			<source ref="id14"/>
			<target ref="id16"/>
			<label kind="select" x="-595" y="-170">x : int[1,5]</label>
			<label kind="synchronisation" x="-739" y="-178">boot_aanwezig!</label>
			<label kind="assignment" x="-595" y="-153">queue:=x</label>
			<nail x="-748" y="-178"/>
		</transition>
		<transition>
			<source ref="id15"/>
			<target ref="id16"/>
			<label kind="select" x="-595" y="-399">x : int[1,5]</label>
			<label kind="synchronisation" x="-739" y="-374">boot_aanwezig!</label>
			<label kind="assignment" x="-595" y="-382">queue:=x</label>
			<nail x="-748" y="-348"/>
		</transition>
		<transition>
			<source ref="id16"/>
			<target ref="id14"/>
			<label kind="guard" x="-722" y="-229">!sluisIsBezig</label>
			<label kind="assignment" x="-629" y="-238">direction:=false</label>
		</transition>
		<transition>
			<source ref="id16"/>
			<target ref="id15"/>
			<label kind="guard" x="-731" y="-314">!sluisIsBezig</label>
			<label kind="assignment" x="-629" y="-314">direction:=true</label>
		</transition>
	</template>
	<system>// List one or more processes to be composed into a system.
system Request, Pump, Gate, Controller;
    </system>
	<queries>
		<query>
			<formula>A[] not deadlock</formula>
			<comment></comment>
		</query>
	</queries>
</nta>
